player_name,player_name_lower
A. J. Green,a. j. green
A. J. Wynder,a. j. wynder
A. W. Holt,a. w. holt
AJ Lawson,aj lawson
Aaron Harrison,aaron harrison
Aaron Henry,aaron henry
Aaron Jackson,aaron jackson
Aaron Miles,aaron miles
Aaron Swinson,aaron swinson
Aaron Williams,aaron williams
Adam Flagler,adam flagler
Adam Harrington,adam harrington
Adam Mokoka,adam mokoka
Adama Sanogo,adama sanogo
Ade Murkey,ade murkey
Adonis Thomas,adonis thomas
Adrian Caldwell,adrian caldwell
Adrian Griffin,adrian griffin
Al Carlson,al carlson
Al Guokas,al guokas
Al Jackson,al jackson
Al Lucas,al lucas
Al Masino,al masino
Al Miksis,al miksis
Al Roges,al roges
Alan Anderson,alan anderson
Alan Hardy,alan hardy
Alan Ogg,alan ogg
Alan Williams,alan williams
Aleem Ford,aleem ford
Aleksandar Đorđević,aleksandar đorđević
Alex Blackwell,alex blackwell
Alex Caruso,alex caruso
Alex Ducas,alex ducas
Alex Fudge,alex fudge
Alex Garcia,alex garcia
Alex Kirk,alex kirk
Alex Poythress,alex poythress
Alex Reese,alex reese
Alex Scales,alex scales
Alex Stepheson,alex stepheson
Alexey Shved,alexey shved
Alfonzo McKinnie,alfonzo mckinnie
Allan Ray,allan ray
Allonzo Trier,allonzo trier
Alondes Williams,alondes williams
Alonzo Gee,alonzo gee
Alvin Heggs,alvin heggs
Alvin Sims,alvin sims
Amida Brimah,amida brimah
Amile Jefferson,amile jefferson
Amir Coffey,amir coffey
Andre Barrett,andre barrett
Andre Brown,andre brown
Andre Dawkins,andre dawkins
Andre Ingram,andre ingram
Andre Owens,andre owens
Andre Spencer,andre spencer
Andrew Funk,andrew funk
Andrew Gaze,andrew gaze
Andrew Levane,andrew levane
Andrew White,andrew white
Andrés Guibert,andrés guibert
Andrés Nocioni,andrés nocioni
Andy Johnson,andy johnson
Andy O'Donnell,andy o'donnell
Andy Panko,andy panko
Andy Toolson,andy toolson
Anthony Carter,anthony carter
Anthony Gill,anthony gill
Anthony Grundy,anthony grundy
Anthony Lamb,anthony lamb
Anthony Morrow,anthony morrow
Anthony Pullard,anthony pullard
Anthony Roberson,anthony roberson
Anthony Tolliver,anthony tolliver
Anthony Tucker,anthony tucker
Antoine Rigaudeau,antoine rigaudeau
Antonio Anderson,antonio anderson
Antonio Blakeney,antonio blakeney
Antonio Harvey,antonio harvey
Antonius Cleveland,antonius cleveland
Arinze Onuaku,arinze onuaku
Armel Traoré,armel traoré
Armoni Brooks,armoni brooks
Arnie Johnson,arnie johnson
Aron Baynes,aron baynes
Art Long,art long
Art Williams,art williams
Arvydas Macijauskas,arvydas macijauskas
Ashraf Amaya,ashraf amaya
Ashton Hagans,ashton hagans
Askia Jones,askia jones
Austin Reaves,austin reaves
Avery Johnson,avery johnson
Awvee Storey,awvee storey
Axel Toupane,axel toupane
B. J. Johnson,b. j. johnson
Ben Gillery,ben gillery
Ben Handlogten,ben handlogten
Ben Hansbrough,ben hansbrough
Ben Moore,ben moore
Ben Uzoh,ben uzoh
Ben Wallace,ben wallace
Bill Calhoun,bill calhoun
Bill Closs,bill closs
Bill Dinwiddie,bill dinwiddie
Bill Downey,bill downey
Bill Edwards,bill edwards
Bill Henry,bill henry
Bill Herman,bill herman
Bill Jones,bill jones
Bill Mayfield,bill mayfield
Bill Miller,bill miller
Bill Roberts,bill roberts
Billy Garrett Jr.,billy garrett jr.
Billy Hassett,billy hassett
Billy Thomas,billy thomas
Blake Ahearn,blake ahearn
Bo Outlaw,bo outlaw
Boag Johnson,boag johnson
Bob Brannum,bob brannum
Bob Brown,bob brown
Bob Carpenter,bob carpenter
Bob Hahn,bob hahn
Bob Harrison,bob harrison
Bob Hogsett,bob hogsett
Bob Kinney,bob kinney
Bob Knight,bob knight
Bob Martin,bob martin
Bob Naber,bob naber
Bob O'Brien,bob o'brien
Bob Tough,bob tough
Bob Warlick,bob warlick
Bob Williams,bob williams
Bob Wilson,bob wilson
Bob Wood,bob wood
Boban Marjanović,boban marjanović
Bobby Brown,bobby brown
Bobby Washington,bobby washington
Boniface N'Dong,boniface n'dong
Bonzie Colson,bonzie colson
Brad Miller,brad miller
Brad Wanamaker,brad wanamaker
Branden Carlson,branden carlson
Brandin Knight,brandin knight
Brandon Davies,brandon davies
Brandon Goodwin,brandon goodwin
Brandon Paul,brandon paul
Brandon Sampson,brandon sampson
Brandon Williams,brandon williams
Braxton Key,braxton key
Brent Scott,brent scott
Brett Szabo,brett szabo
Brian Bowen,brian bowen
Brian Howard,brian howard
Brian Roberts,brian roberts
Brianté Weber,brianté weber
Britton Johnsen,britton johnsen
Brodric Thomas,brodric thomas
Bruce Bowen,bruce bowen
Bruce Hale,bruce hale
Bryce Cotton,bryce cotton
Bryce Dejean-Jones,bryce dejean-jones
Bryn Forbes,bryn forbes
Bucky McConnell,bucky mcconnell
Bud Acton,bud acton
Buddy Boeheim,buddy boeheim
Byron Dinkins,byron dinkins
C. J. Watson,c. j. watson
C. J. Williams,c. j. williams
Caleb Love,caleb love
Caleb Martin,caleb martin
Cameron McGriff,cameron mcgriff
Cameron Oliver,cameron oliver
Cameron Reynolds,cameron reynolds
Carl Braun,carl braun
Carl Meinhold,carl meinhold
Carl Thomas,carl thomas
Carldell Johnson,carldell johnson
Carlik Jones,carlik jones
Carlisle Towery,carlisle towery
Carlos Arroyo,carlos arroyo
Carlton McKinney,carlton mckinney
Cartier Martin,cartier martin
Casper Ware,casper ware
Cat Barber,cat barber
Cedric Ball,cedric ball
Cedric Bozeman,cedric bozeman
Cedric Hunter,cedric hunter
Cedric Jackson,cedric jackson
Cedric Lewis,cedric lewis
Cezary Trybański,cezary trybański
Chance Comanche,chance comanche
Charles Black,charles black
Charles Cooke,charles cooke
Charles Jones,charles jones
Charles Smith,charles smith
Charles Thomas,charles thomas
Charley Shipp,charley shipp
Charlie Bell,charlie bell
Charlie Brown Jr.,charlie brown jr.
Charlie Criss,charlie criss
Charlie Parsley,charlie parsley
Chasson Randle,chasson randle
Chaundee Brown,chaundee brown
Chet McNabb,chet mcnabb
Chima Moneke,chima moneke
Chips Sobek,chips sobek
Chris Andersen,chris andersen
Chris Babb,chris babb
Chris Boucher,chris boucher
Chris Childs,chris childs
Chris Chiozza,chris chiozza
Chris Clemons,chris clemons
Chris Copeland,chris copeland
Chris Garner,chris garner
Chris Harris,chris harris
Chris Hunter,chris hunter
Chris Jent,chris jent
Chris Johnson,chris johnson
Chris Mañon,chris mañon
Chris McCray,chris mccray
Chris Munk,chris munk
Chris Quinn,chris quinn
Chris Silva,chris silva
Chris Smith,chris smith
Chris Wright,chris wright
Chris Youngblood,chris youngblood
Christian Wood,christian wood
Chuck Hayes,chuck hayes
Chucky Atkins,chucky atkins
Chucky Hepburn,chucky hepburn
Cliff Alexander,cliff alexander
Cliff Williams,cliff williams
Clifford Lett,clifford lett
Clint McDaniel,clint mcdaniel
Clint Wager,clint wager
Coby Karl,coby karl
Cole Swider,cole swider
Colin Castleton,colin castleton
Collin Gillespie,collin gillespie
Connie Hawkins,connie hawkins
Corey Beck,corey beck
Corey Crowder,corey crowder
Cory Higgins,cory higgins
Coty Clarke,coty clarke
Courtney Fortson,courtney fortson
Courtney Sims,courtney sims
Craig Porter Jr.,craig porter jr.
Craig Spitzer,craig spitzer
Craig Sword,craig sword
Cristiano Felício,cristiano felício
Cui Yongxi,cui yongxi
Curly Armstrong,curly armstrong
Curtis Jones,curtis jones
D'Moi Hodge,d'moi hodge
D. J. Carton,d. j. carton
D. J. Kennedy,d. j. kennedy
D. J. Mbenga,d. j. mbenga
D. J. Stephens,d. j. stephens
DaQuan Jeffries,daquan jeffries
Daeqwon Plowden,daeqwon plowden
Dairis Bertāns,dairis bertāns
Daishen Nix,daishen nix
Dakota Mathias,dakota mathias
Dale Hamilton,dale hamilton
Damien Wilkins,damien wilkins
Damion Baugh,damion baugh
Damion Lee,damion lee
Damjan Rudež,damjan rudež
Damon Jones,damon jones
Dan Godfread,dan godfread
Dan King,dan king
Dan O'Sullivan,dan o'sullivan
Dan Tieman,dan tieman
Daniel Ochefu,daniel ochefu
Daniel Santiago,daniel santiago
Daniel Theis,daniel theis
Daniss Jenkins,daniss jenkins
Danny Finn,danny finn
Danny Wagner,danny wagner
Danuel House,danuel house
Darius Days,darius days
Darius Washington Jr.,darius washington jr.
Darrell Armstrong,darrell armstrong
Darrick Martin,darrick martin
Darryl Watkins,darryl watkins
Darvin Ham,darvin ham
Daryl Macon,daryl macon
Dave Minor,dave minor
David Benoit,david benoit
David Cooke,david cooke
David Duke Jr.,david duke jr.
David Jones García,david jones garcía
David Nwaba,david nwaba
David Stockton,david stockton
David Vanterpool,david vanterpool
David Wear,david wear
David Wesley,david wesley
David Wood,david wood
DeJon Jarreau,dejon jarreau
DeMarcus Nelson,demarcus nelson
DeQuan Jones,dequan jones
DeVaughn Akoon-Purcell,devaughn akoon-purcell
Dean Oliver,dean oliver
Dean Wade,dean wade
Dedric Willoughby,dedric willoughby
Del Beshore,del beshore
Dell Demps,dell demps
Demetrius Calip,demetrius calip
Deng Adel,deng adel
Deng Gai,deng gai
Dennis Hamilton,dennis hamilton
Dennis Horner,dennis horner
Dennis Nutt,dennis nutt
Deonte Burton,deonte burton
Derek Grimm,derek grimm
Derek Hood,derek hood
Dereon Seabron,dereon seabron
Dermie O'Connell,dermie o'connell
Derrick Jones Jr.,derrick jones jr.
Derrick Phelps,derrick phelps
Derrick Walton,derrick walton
Desmond Farmer,desmond farmer
Desmond Ferguson,desmond ferguson
Desmond Penigar,desmond penigar
Devin Brown,devin brown
Devin Cannady,devin cannady
Devin Gray,devin gray
Devin Green,devin green
Devin Robinson,devin robinson
Devon Dotson,devon dotson
Devontae Cacok,devontae cacok
Dewayne Dedmon,dewayne dedmon
Dexter Boney,dexter boney
Dexter Cambridge,dexter cambridge
Dexter Dennis,dexter dennis
Diante Garrett,diante garrett
Dick Mehen,dick mehen
Dick Triptow,dick triptow
Dillard Crocker,dillard crocker
Dionte Christmas,dionte christmas
Dmytro Skapintsev,dmytro skapintsev
Dominick Barlow,dominick barlow
Don Asmonga,don asmonga
Don Barksdale,don barksdale
Don Grate,don grate
Don Hanrahan,don hanrahan
Don Henriksen,don henriksen
Don Otten,don otten
Donald Sloan,donald sloan
Donald Whiteside,donald whiteside
Donell Taylor,donell taylor
Donnie Forman,donnie forman
Donovan Williams,donovan williams
Donta Hall,donta hall
Donte Grantham,donte grantham
Dontell Jefferson,dontell jefferson
Dorian Finney-Smith,dorian finney-smith
Doug Holcomb,doug holcomb
Doug Sims,doug sims
Drew Eubanks,drew eubanks
Drew Gordon,drew gordon
Drew Peterson,drew peterson
Drew Timme,drew timme
Dru Smith,dru smith
Duane Ferrell,duane ferrell
Duane Washington Jr.,duane washington jr.
Duje Dukan,duje dukan
Duncan Robinson,duncan robinson
Duop Reath,duop reath
Dusty Hannahs,dusty hannahs
Dwayne Jones,dwayne jones
Dwight Buycks,dwight buycks
Dylan Cardwell,dylan cardwell
Earl Barron,earl barron
Earl Boykins,earl boykins
Ed Burton,ed burton
Ed Earle,ed earle
Ed Stanczak,ed stanczak
Eddie Basden,eddie basden
Eddie Gill,eddie gill
Eddie Robinson,eddie robinson
Edward Bartels,edward bartels
Edwin Ubiles,edwin ubiles
Eldridge Recasner,eldridge recasner
Elias Harris,elias harris
Elijah Bryant,elijah bryant
Elijah Harkless,elijah harkless
Elijah Millsap,elijah millsap
Emanual Davis,emanual davis
Emanuel Miller,emanuel miller
Emanuel Terry,emanuel terry
Eric Anderson,eric anderson
Eric Dawson,eric dawson
Eric Johnson,eric johnson
Eric Mika,eric mika
Eric Moreland,eric moreland
Erick Strickland,erick strickland
Erik Daniels,erik daniels
Erik McCree,erik mccree
Esteban Batista,esteban batista
Etdrick Bohannon,etdrick bohannon
Ethan Thompson,ethan thompson
Eugene Jeter,eugene jeter
Eugene Omoruyi,eugene omoruyi
Evric Gray,evric gray
Fabricio Oberto,fabricio oberto
Facundo Campazzo,facundo campazzo
Feron Hunt,feron hunt
Floyd Volker,floyd volker
Fran Curran,fran curran
Frank Gates,frank gates
Frank Kudelka,frank kudelka
Fred Christ,fred christ
Fred Lewis,fred lewis
Fred Paine,fred paine
Fred VanVleet,fred vanvleet
Fred Vinson,fred vinson
Freddie Gillespie,freddie gillespie
Gabe Vincent,gabe vincent
Gabe York,gabe york
Gabriel Deck,gabriel deck
Gabriel Lundberg,gabriel lundberg
Gal Mekel,gal mekel
Gale Bishop,gale bishop
Garret Siler,garret siler
Garrett Temple,garrett temple
Garrison Mathews,garrison mathews
Garth Joseph,garth joseph
Gary Alexander,gary alexander
Gary Clark,gary clark
Gary Forbes,gary forbes
Gary Neal,gary neal
Gary Payton II,gary payton ii
Gary Suiter,gary suiter
Gary Voce,gary voce
Gene Englund,gene englund
Gene James,gene james
Gene Ollrich,gene ollrich
Gene Rock,gene rock
Geno Carlisle,geno carlisle
George Feigenbaum,george feigenbaum
George Glamack,george glamack
George Lehmann,george lehmann
George Mikan,george mikan
Gerald Brown,gerald brown
Gerald Fitch,gerald fitch
Gerald Madkins,gerald madkins
Gerard King,gerard king
Gian Clavell,gian clavell
Greg Smith,greg smith
Greg Stiemsma,greg stiemsma
Greg Whittington,greg whittington
Gundars Vētra,gundars vētra
Gustavo Ayón,gustavo ayón
Guy Rucker,guy rucker
Hal Tidrick,hal tidrick
Hal Uplinger,hal uplinger
Hamed Haddadi,hamed haddadi
Hank DeZonie,hank dezonie
Harold Ellis,harold ellis
Harold Jamison,harold jamison
Harry Boykoff,harry boykoff
Harthorne Wingo,harthorne wingo
Hassani Gravett,hassani gravett
Haywood Highsmith,haywood highsmith
Henri Drell,henri drell
Henry Dickerson,henry dickerson
Henry James,henry james
Henry Sims,henry sims
Henry Turner,henry turner
Herm Fuetsch,herm fuetsch
Herm Schaefer,herm schaefer
Hiram Fuller,hiram fuller
Hollis Thompson,hollis thompson
Hoot Gibson,hoot gibson
Horace Jenkins,horace jenkins
Horacio Llamas,horacio llamas
Howard Nathan,howard nathan
Howard Wright,howard wright
Howie Janotta,howie janotta
Howie Rader,howie rader
Howie Schultz,howie schultz
Hunter Dickinson,hunter dickinson
Hunter Sallis,hunter sallis
Ian Clark,ian clark
Ian Lockhart,ian lockhart
Ibou Badji,ibou badji
Ime Udoka,ime udoka
Ira Bowman,ira bowman
Ira Newble,ira newble
Irv Kiffin,irv kiffin
Irving Thomas,irving thomas
Isaac Fontaine,isaac fontaine
Isaac Humphries,isaac humphries
Isaac Jones,isaac jones
Isaac Walthour,isaac walthour
Isaiah Briscoe,isaiah briscoe
Isaiah Crawford,isaiah crawford
Isaiah Hicks,isaiah hicks
Isaiah Stevens,isaiah stevens
Isaiah Taylor,isaiah taylor
Ish Smith,ish smith
Ish Wainright,ish wainright
Ivan Johnson,ivan johnson
Ivan McFarlin,ivan mcfarlin
Ivano Newbill,ivano newbill
Izaiah Brockington,izaiah brockington
J. J. Barea,j. j. barea
J. J. O'Brien,j. j. o'brien
J. P. Macura,j. p. macura
J. R. Bremer,j. r. bremer
JaKarr Sampson,jakarr sampson
JaMychal Green,jamychal green
JaQuori McLaughlin,jaquori mclaughlin
Jabari Brown,jabari brown
Jack Cooley,jack cooley
Jack Cotton,jack cotton
Jack Dwan,jack dwan
Jack Eskridge,jack eskridge
Jack Maddox,jack maddox
Jack McCloskey,jack mccloskey
Jack McVeigh,jack mcveigh
Jack Phelan,jack phelan
Jack Rocker,jack rocker
Jack Smiley,jack smiley
Jack Toomay,jack toomay
Jack White,jack white
Jackie Butler,jackie butler
Jackie Moore,jackie moore
Jackson Rowe,jackson rowe
Jacob Gilyard,jacob gilyard
Jacob Pullen,jacob pullen
Jacob Toppin,jacob toppin
Jacob Wiley,jacob wiley
Jae'Sean Tate,jae'sean tate
Jahmir Young,jahmir young
Jahmyl Telfort,jahmyl telfort
Jaime Echenique,jaime echenique
Jake Bornheimer,jake bornheimer
Jake Pelkington,jake pelkington
Jalen Bridges,jalen bridges
Jalen Crutcher,jalen crutcher
Jalen Jones,jalen jones
Jalen Lecque,jalen lecque
Jamal Cain,jamal cain
Jamal Robinson,jamal robinson
Jamaree Bouyea,jamaree bouyea
Jamario Moon,jamario moon
Jameel Warney,jameel warney
Jamel Artis,jamel artis
Jamel Thomas,jamel thomas
James Blackwell,james blackwell
James Michael McAdoo,james michael mcadoo
James Nunnally,james nunnally
James Scott,james scott
James Singleton,james singleton
James Southerland,james southerland
James Thomas,james thomas
James Webb III,james webb iii
Jamil Wilson,jamil wilson
Jamison Battle,jamison battle
Jamorko Pickett,jamorko pickett
Jannero Pargo,jannero pargo
Jared Harper,jared harper
Jared Reiner,jared reiner
Jared Rhoden,jared rhoden
Jared Terrell,jared terrell
Jarell Eddie,jarell eddie
Jaren Jackson,jaren jackson
Jarrod Uthoff,jarrod uthoff
Jarron Cumberland,jarron cumberland
Jason Miskiri,jason miskiri
Javin DeLaurier,javin delaurier
Javon Freeman-Liberty,javon freeman-liberty
Javonte Cooke,javonte cooke
Javonte Green,javonte green
Javonte Smart,javonte smart
Jawad Williams,jawad williams
Jay Guidinger,jay guidinger
Jay Huff,jay huff
Jay Miller,jay miller
Jay Taylor,jay taylor
Jaylen Adams,jaylen adams
Jaylen Hoard,jaylen hoard
Jaylen Martin,jaylen martin
Jaylen Morris,jaylen morris
Jaylen Sims,jaylen sims
Jaysean Paige,jaysean paige
Jazian Gortman,jazian gortman
Jeenathan Williams,jeenathan williams
Jeff Adrien,jeff adrien
Jeff Dowtin,jeff dowtin
Jeff Foote,jeff foote
Jeff Lebo,jeff lebo
Jeff Sheppard,jeff sheppard
Jeff Webb,jeff webb
Jemerrio Jones,jemerrio jones
Jerel McNeal,jerel mcneal
Jeremiah Martin,jeremiah martin
Jeremy Lin,jeremy lin
Jeremy Pargo,jeremy pargo
Jeremy Richardson,jeremy richardson
Jermaine Jackson,jermaine jackson
Jermaine Samuels,jermaine samuels
Jerome Dyson,jerome dyson
Jerome Harmon,jerome harmon
Jerome Henderson,jerome henderson
Jerrelle Benimon,jerrelle benimon
Jerry Fowler,jerry fowler
Jerry Smith,jerry smith
Jesse Edwards,jesse edwards
Jim Brogan,jim brogan
Jim Browne,jim browne
Jim Mooney,jim mooney
Jim Springer,jim springer
Jim Spruill,jim spruill
Jim Zoet,jim zoet
Jimmy Carruth,jimmy carruth
Jo Jo English,jo jo english
Jock Landale,jock landale
Joe Bradley,joe bradley
Joe Chealey,joe chealey
Joe Colone,joe colone
Joe Courtney,joe courtney
Joe Crispin,joe crispin
Joe Dolhon,joe dolhon
Joe Graboski,joe graboski
Joe Ingles,joe ingles
Joe Stephens,joe stephens
Joel Anthony,joel anthony
John Amaechi,john amaechi
John Butler,john butler
John Chaney,john chaney
John Coker,john coker
John Crotty,john crotty
John Edwards,john edwards
John Hargis,john hargis
John Hazen,john hazen
John Holland,john holland
John Konchar,john konchar
John Lucas III,john lucas iii
John O'Boyle,john o'boyle
John Payak,john payak
John Starks,john starks
Johnathan Motley,johnathan motley
Johnathan Williams,johnathan williams
Johnny Jorgensen,johnny jorgensen
Johnny Juzang,johnny juzang
Jon Teske,jon teske
Jonathan Gibson,jonathan gibson
Jonathan Kerner,jonathan kerner
Jonathon Simmons,jonathon simmons
Jontay Porter,jontay porter
Jordan Ford,jordan ford
Jordan Goodwin,jordan goodwin
Jordan Hall,jordan hall
Jordan Loyd,jordan loyd
Jordan McLaughlin,jordan mclaughlin
Jordan Schakel,jordan schakel
Jordan Sibert,jordan sibert
Jorge Garbajosa,jorge garbajosa
Jorge Gutiérrez,jorge gutiérrez
Jose Alvarado,jose alvarado
Josh Akognon,josh akognon
Josh Davis,josh davis
Josh Gray,josh gray
Josh Hall,josh hall
Josh Magette,josh magette
Josh Powell,josh powell
Josh Reaves,josh reaves
José Calderón,josé calderón
João Vianna,joão vianna
Joël Ayayi,joël ayayi
Juan Toscano-Anderson,juan toscano-anderson
Juaquin Hawkins,juaquin hawkins
Jules Bernard,jules bernard
Julian Champagnie,julian champagnie
Julian Washburn,julian washburn
Julius Nwosu,julius nwosu
Julyan Stone,julyan stone
Justin Champagnie,justin champagnie
Justin Dentmon,justin dentmon
Justin Edwards,justin edwards
Justin Holiday,justin holiday
Justin Minaya,justin minaya
Justin Robinson,justin robinson
Justin Williams,justin williams
Juwan Morgan,juwan morgan
Kaiser Gates,kaiser gates
Kalin Lucas,kalin lucas
Karim Mané,karim mané
Kasib Powell,kasib powell
Keaton Wallace,keaton wallace
Keifer Sykes,keifer sykes
Keion Brooks Jr.,keion brooks jr.
Keith Appling,keith appling
Keith Askins,keith askins
Keith Closs,keith closs
Keith Jennings,keith jennings
Keith Langford,keith langford
Keith McLeod,keith mcleod
Keith Owens,keith owens
Keith Tower,keith tower
Kelan Martin,kelan martin
Kelenna Azubuike,kelenna azubuike
Keljin Blevins,keljin blevins
Kelly McCarty,kelly mccarty
Kelvin Upshaw,kelvin upshaw
Ken Menke,ken menke
Kendrick Nunn,kendrick nunn
Kennard Winchester,kennard winchester
Kenneth Lofton Jr.,kenneth lofton jr.
Kenrich Williams,kenrich williams
Kent Bazemore,kent bazemore
Keon Ellis,keon ellis
Keshad Johnson,keshad johnson
Kevin Burleson,kevin burleson
Kevin Jones,kevin jones
Kevin Ollie,kevin ollie
Kevin Pangos,kevin pangos
Kevin Salvadori,kevin salvadori
Kevinn Pinkney,kevinn pinkney
Kevon Harris,kevon harris
Khem Birch,khem birch
Killian Tillie,killian tillie
Kirk Penney,kirk penney
Kiwane Garris,kiwane garris
Kobi Simmons,kobi simmons
Kornél Dávid,kornél dávid
Kurk Lee,kurk lee
Ky Bowman,ky bowman
Kyle Alexander,kyle alexander
Kyle Collinsworth,kyle collinsworth
Kyle Wiltjer,kyle wiltjer
Kylor Kelley,kylor kelley
Lamar Stevens,lamar stevens
Lanard Copeland,lanard copeland
Lance Allred,lance allred
Lance Thomas,lance thomas
Langston Galloway,langston galloway
Larry Drew II,larry drew ii
Larry Owens,larry owens
Larry Robinson,larry robinson
Larry Stewart,larry stewart
Larry Sykes,larry sykes
Lazaro Borrell,lazaro borrell
Leaky Black,leaky black
Lee Robbins,lee robbins
Leo Klier,leo klier
Leonard Taylor,leonard taylor
Leroy Chollet,leroy chollet
Les Pugh,les pugh
Lester Quiñones,lester quiñones
Liam Robbins,liam robbins
Lindell Wigginton,lindell wigginton
Lindy Waters III,lindy waters iii
Linton Johnson,linton johnson
Lionel Malamed,lionel malamed
Lloyd Daniels,lloyd daniels
Logan Vander Velden,logan vander velden
London Perrantes,london perrantes
Lonnie Eggleston,lonnie eggleston
Lorenzo Williams,lorenzo williams
Lorinza Harrington,lorinza harrington
Lou Amundson,lou amundson
Louis King,louis king
Luca Vildoza,luca vildoza
Luguentz Dort,luguentz dort
Luigi Datome,luigi datome
Luis Montero,luis montero
Luke Kornet,luke kornet
Luke Schenscher,luke schenscher
Luke Zeller,luke zeller
Lynn Greer,lynn greer
M. J. Walker,m. j. walker
Maalik Wayns,maalik wayns
Mac McClung,mac mcclung
Makhtar N'Diaye,makhtar n'diaye
Mal McMullen,mal mcmullen
Malcolm Cazalon,malcolm cazalon
Malcolm Delaney,malcolm delaney
Malcolm Hill,malcolm hill
Malcolm Miller,malcolm miller
Malcolm Thomas,malcolm thomas
Malevy Leons,malevy leons
Malik Allen,malik allen
Malik Fitts,malik fitts
Malik Newman,malik newman
Malik Williams,malik williams
Mamadi Diakite,mamadi diakite
Mangok Mathiang,mangok mathiang
Manny Harris,manny harris
Marcelo Huertas,marcelo huertas
Marcus Bagley,marcus bagley
Marcus Cousin,marcus cousin
Marcus Derrickson,marcus derrickson
Marcus Garrett,marcus garrett
Marcus Georges-Hunt,marcus georges-hunt
Marcus Landry,marcus landry
Marcus Webb,marcus webb
Mario West,mario west
Mark Baker,mark baker
Mark Bradtke,mark bradtke
Mark Jones,mark jones
Mark Olberding,mark olberding
Mark Sears,mark sears
Mark Strickland,mark strickland
Mark Wade,mark wade
Marko Gudurić,marko gudurić
Markquis Nowell,markquis nowell
Markus Howard,markus howard
Marlon Garnett,marlon garnett
Marques Bolden,marques bolden
Marques Bragg,marques bragg
Marquis Daniels,marquis daniels
Marshall Plumlee,marshall plumlee
Marty Conlon,marty conlon
Marv Schatzman,marv schatzman
Mason Jones,mason jones
Matt Bullard,matt bullard
Matt Carroll,matt carroll
Matt Costello,matt costello
Matt Maloney,matt maloney
Matt Mazza,matt mazza
Matt Mooney,matt mooney
Matt Othick,matt othick
Matt Ryan,matt ryan
Matt Thomas,matt thomas
Matt Walsh,matt walsh
Matt Wenstrom,matt wenstrom
Matt Williams,matt williams
Matthew Dellavedova,matthew dellavedova
Matthew Hurt,matthew hurt
Maurice Baker,maurice baker
Maurice Carter,maurice carter
Maurice Evans,maurice evans
Maurice Ndour,maurice ndour
Max Morris,max morris
Max Strus,max strus
Maxi Kleber,maxi kleber
McCoy Ingram,mccoy ingram
McKinley Wright IV,mckinley wright iv
Med Park,med park
Mel Bennett,mel bennett
Mel McCants,mel mccants
Mel Thurston,mel thurston
Melvin Booker,melvin booker
Melvin Newbern,melvin newbern
Melvin Sanders,melvin sanders
Mengke Bateer,mengke bateer
Micah Potter,micah potter
Michael Batiste,michael batiste
Michael Curry,michael curry
Michael Foster Jr.,michael foster jr.
Michael Frazier II,michael frazier ii
Michael Hawkins,michael hawkins
Michael Stewart,michael stewart
Mickell Gladness,mickell gladness
Mike Bloom,mike bloom
Mike Champion,mike champion
Mike Davis,mike davis
Mike Hall,mike hall
Mike Harris,mike harris
Mike Higgins,mike higgins
Mike James,mike james
Mike Novak,mike novak
Mike O'Neill,mike o'neill
Mike Penberthy,mike penberthy
Mike Tobey,mike tobey
Mike Todorovich,mike todorovich
Mike Wilks,mike wilks
Mikki Moore,mikki moore
Miles Kelly,miles kelly
Miles Norris,miles norris
Milo Komenich,milo komenich
Miloš Teodosić,miloš teodosić
Milt Palacio,milt palacio
Milton Doyle,milton doyle
Mindaugas Kuzminskas,mindaugas kuzminskas
Miroslav Raduljica,miroslav raduljica
Mirza Teletović,mirza teletović
Mitch Creek,mitch creek
Mitchell Butler,mitchell butler
Moe Barr,moe barr
Moses Brown,moses brown
Moses Wright,moses wright
Mouhamadou Gueye,mouhamadou gueye
Moussa Cissé,moussa cissé
Mustafa Shakur,mustafa shakur
Mychal Mulder,mychal mulder
Mychel Thompson,mychel thompson
Myke Henry,myke henry
Myles Patrick,myles patrick
Myles Powell,myles powell
Myron Gardner,myron gardner
Mãozinha Pereira,mãozinha pereira
N'Faly Dante,n'faly dante
Nae'Qwan Tomlin,nae'qwan tomlin
Naji Marshall,naji marshall
Nat Hickey,nat hickey
Nate Darling,nate darling
Nate Driggers,nate driggers
Nate Hinton,nate hinton
Nate Huffman,nate huffman
Nathan Knight,nathan knight
Nathan Mensah,nathan mensah
Naz Mitrou-Long,naz mitrou-long
Naz Reid,naz reid
Neil Johnston,neil johnston
Nicolás Brussino,nicolás brussino
Nicolás Laprovíttola,nicolás laprovíttola
Nicolò Melli,nicolò melli
Nigel Hayes,nigel hayes
Noel Felix,noel felix
Norman Black,norman black
Norman Richardson,norman richardson
Normie Glick,normie glick
Norvel Pelle,norvel pelle
Okaro White,okaro white
Oliver Lafayette,oliver lafayette
Olivier Sarr,olivier sarr
Omari Johnson,omari johnson
Onuralp Bitim,onuralp bitim
Orlando Robinson,orlando robinson
Oscar Tshiebwe,oscar tshiebwe
Oshae Brissett,oshae brissett
Othello Hunter,othello hunter
Othyus Jeffers,othyus jeffers
PJ Dozier,pj dozier
PJ Hall,pj hall
Pablo Prigioni,pablo prigioni
Paris Bass,paris bass
Pat Burke,pat burke
Pat Spencer,pat spencer
Patricio Garino,patricio garino
Patrick Christopher,patrick christopher
Patrick Eddie,patrick eddie
Paul Graham,paul graham
Paul McCracken,paul mccracken
Paul McPherson,paul mcpherson
Paul Noel,paul noel
Paul Shirley,paul shirley
Paul Walther,paul walther
Paul Watson,paul watson
Pepe Sánchez,pepe sánchez
Pero Antić,pero antić
Pete Darcey,pete darcey
Pete Nance,pete nance
Peter Aluma,peter aluma
Phil Farbman,phil farbman
Phil Pressey,phil pressey
Phillip Wheeler,phillip wheeler
Pops Mensah-Bonsu,pops mensah-bonsu
Predrag Savović,predrag savović
Price Brookfield,price brookfield
Quenton Jackson,quenton jackson
Quincy Olivari,quincy olivari
Quinn Cook,quinn cook
Quinton Ross,quinton ross
RJ Nembhard,rj nembhard
Radisav Ćurčić,radisav ćurčić
Raja Bell,raja bell
Ralph Hamilton,ralph hamilton
Ralph Wells,ralph wells
Ramón Rivas,ramón rivas
Randell Jackson,randell jackson
Randolph Morris,randolph morris
Randy Allen,randy allen
Rastko Cvetković,rastko cvetković
Ratko Varda,ratko varda
Rawle Alkins,rawle alkins
Rawle Marshall,rawle marshall
Ray Ellefson,ray ellefson
Ray Kuka,ray kuka
Ray Owes,ray owes
Ray Ramsey,ray ramsey
RayJ Dennis,rayj dennis
Rayjon Tucker,rayjon tucker
Raymond Brown,raymond brown
Red Holzman,red holzman
Red Klotz,red klotz
Reece Beekman,reece beekman
Reggie Evans,reggie evans
Reggie Hanson,reggie hanson
Reggie Hearn,reggie hearn
Reggie Jordan,reggie jordan
Reggie Slater,reggie slater
Reggie Williams,reggie williams
Renaldo Major,renaldo major
Rich Eichhorst,rich eichhorst
Richard Coffey,richard coffey
Richard Morton,richard morton
Richie Frahm,richie frahm
Richie Niemiera,richie niemiera
Rick Brunson,rick brunson
Rick Calloway,rick calloway
Rick Hughes,rick hughes
Ricky Council IV,ricky council iv
Riley Minix,riley minix
Rob Edwards,rob edwards
Rob Kurz,rob kurz
Robert Churchwell,robert churchwell
Robert Covington,robert covington
Robert Franks,robert franks
Robert Hite,robert hite
Robert Pack,robert pack
Robert Rose,robert rose
Robin Jones,robin jones
Rock Lee,rock lee
Rodney McGruder,rodney mcgruder
Rodney Purvis,rodney purvis
Roger Powell,roger powell
Rollen Hans,rollen hans
Rollie Seltz,rollie seltz
Ron Baker,ron baker
Ron Cavenall,ron cavenall
Ron Harper Jr.,ron harper jr.
Ronald Dupree,ronald dupree
Ronnie Price,ronnie price
Royce O'Neale,royce o'neale
Ruben Nembhard,ruben nembhard
Rubén Garcés,rubén garcés
Rubén Wolkowyski,rubén wolkowyski
Rusty LaRue,rusty larue
Ryan Arcidiacono,ryan arcidiacono
Ryan Broekhoff,ryan broekhoff
Ryan Lorthridge,ryan lorthridge
Ryan Nembhard,ryan nembhard
Salah Mejri,salah mejri
Sam Hauser,sam hauser
Sam Mack,sam mack
Sam Pellom,sam pellom
Samardo Samuels,samardo samuels
Scott Brooks,scott brooks
Scott Machado,scott machado
Scott Williams,scott williams
Scotty Hopson,scotty hopson
Scotty Pippen Jr.,scotty pippen jr.
Sean Banks,sean banks
Sean Colson,sean colson
Sean Kilpatrick,sean kilpatrick
Sean McDermott,sean mcdermott
Sergei Bazarevich,sergei bazarevich
Seth Curry,seth curry
Shamorie Ponds,shamorie ponds
Shane Edwards,shane edwards
Shane Heal,shane heal
Shaq Buchanan,shaq buchanan
Shaquille Harrison,shaquille harrison
Sharrod Ford,sharrod ford
Shavlik Randolph,shavlik randolph
Shawn Long,shawn long
Shayne Whittington,shayne whittington
Shea Seals,shea seals
Sheldon McClellan,sheldon mcclellan
Sherron Collins,sherron collins
Sherwin Raiken,sherwin raiken
Sid Tanenbaum,sid tanenbaum
Sim Bhullar,sim bhullar
Simone Fontecchio,simone fontecchio
Skeeter Henry,skeeter henry
Slava Medvedenko,slava medvedenko
Slick Watts,slick watts
Smush Parker,smush parker
Spencer Jones,spencer jones
Stacey Arceneaux,stacey arceneaux
Stan Brown,stan brown
Stan Kimbrough,stan kimbrough
Stan Patrick,stan patrick
Stanley Jackson,stanley jackson
Stanley Umude,stanley umude
Stanton Kidd,stanton kidd
Stephen Graham,stephen graham
Stephen Howard,stephen howard
Stephen Thompson,stephen thompson
Steve Bucknall,steve bucknall
Steve Goodrich,steve goodrich
Steve Jones,steve jones
Steven Hill,steven hill
Steven Smith,steven smith
Stevin Smith,stevin smith
Stojko Vranković,stojko vranković
Sundiata Gaines,sundiata gaines
T. J. McConnell,t. j. mcconnell
Tacko Fall,tacko fall
Tahjere McCall,tahjere mccall
Tang Hamilton,tang hamilton
Tarence Kinsey,tarence kinsey
Tarik Black,tarik black
Tariq Owens,tariq owens
Tazé Moore,tazé moore
Terence Davis,terence davis
Terquavion Smith,terquavion smith
Terrance Roberson,terrance roberson
Terrel Harris,terrel harris
Terry Davis,terry davis
Terry Dozier,terry dozier
Terry Taylor,terry taylor
Tharon Mayes,tharon mayes
Theo Pinson,theo pinson
Theron Smith,theron smith
Thomas Gardner,thomas gardner
Thomas Hamilton,thomas hamilton
Thomas Jordan,thomas jordan
Tierre Brown,tierre brown
Tim Breaux,tim breaux
Tim Frazier,tim frazier
Tim Legler,tim legler
Tim Ohlbrecht,tim ohlbrecht
Tim Quarterman,tim quarterman
Timmy Allen,timmy allen
Timofey Mozgov,timofey mozgov
Todd Mundt,todd mundt
Tolu Smith,tolu smith
Tom Copa,tom copa
Tom Hovasse,tom hovasse
Tony Bobbitt,tony bobbitt
Tony Dawson,tony dawson
Tony Farmer,tony farmer
Tony Harris,tony harris
Tony Mitchell,tony mitchell
Torgeir Bryn,torgeir bryn
Torrey Craig,torrey craig
Tosan Evbuomwan,tosan evbuomwan
Toure' Murry,toure' murry
Tracy Moore,tracy moore
Travis Wear,travis wear
Travis Williams,travis williams
Trayvon Palmer,trayvon palmer
Trendon Watford,trendon watford
Trent Forrest,trent forrest
Trentyn Flowers,trentyn flowers
Trevelin Queen,trevelin queen
Treveon Graham,treveon graham
Trevon Duval,trevon duval
Trevon Scott,trevon scott
Trevor Hudgins,trevor hudgins
Trevor Ruffin,trevor ruffin
Trevor Winter,trevor winter
Trey Alexander,trey alexander
Trey Gilder,trey gilder
Trey Jemison,trey jemison
Trey Johnson,trey johnson
Trey McKinney-Jones,trey mckinney-jones
Troy Caupain,troy caupain
Troy Daniels,troy daniels
Troy Hudson,troy hudson
Troy Williams,troy williams
Ty-Shon Alexander,ty-shon alexander
Tyler Cavanaugh,tyler cavanaugh
Tyler Cook,tyler cook
Tyler Davis,tyler davis
Tyler Hall,tyler hall
Tyler Johnson,tyler johnson
Tyrone Britt,tyrone britt
Tyrone Nesby,tyrone nesby
Tyson Etienne,tyson etienne
Udonis Haslem,udonis haslem
Vander Blue,vander blue
Vester Marshall,vester marshall
Viacheslav Kravtsov,viacheslav kravtsov
Vic Law,vic law
Vince Boryla,vince boryla
Vince Hunter,vince hunter
Vincent Poirier,vincent poirier
Vincenzo Esposito,vincenzo esposito
Vladislav Goldin,vladislav goldin
Vítor Faverani,vítor faverani
Walker Russell Jr.,walker russell jr.
Walt Kirk,walt kirk
Walt Lautenbach,walt lautenbach
Walter Bond,walter bond
Walter Herrmann,walter herrmann
Walter Lemon Jr.,walter lemon jr.
Warren Kidd,warren kidd
Wayne Engelstad,wayne engelstad
Wayne See,wayne see
Wayne Selden Jr.,wayne selden jr.
Wayne Turner,wayne turner
Wenyen Gabriel,wenyen gabriel
Wesley Matthews,wesley matthews
Whitey Bell,whitey bell
Whitey Von Nieda,whitey von nieda
Will Bynum,will bynum
Will Cherry,will cherry
Will Conroy,will conroy
Will Magnay,will magnay
William Cunningham,william cunningham
William Howard,william howard
Willie Reed,willie reed
Worthy Patterson,worthy patterson
Xavier Cooks,xavier cooks
Xavier Moon,xavier moon
Xavier Munford,xavier munford
Xavier Rathan-Mayes,xavier rathan-mayes
Xavier Silas,xavier silas
Xavier Sneed,xavier sneed
Yakhouba Diawara,yakhouba diawara
Yante Maten,yante maten
Yogi Ferrell,yogi ferrell
Yuki Kawamura,yuki kawamura
Yuri Collins,yuri collins
Yuta Tabuse,yuta tabuse
Yuta Watanabe,yuta watanabe
Yves Pons,yves pons
Zabian Dowdell,zabian dowdell
Zach Lofton,zach lofton
Zach Norvell Jr.,zach norvell jr.
Zavier Simpson,zavier simpson
Zendon Hamilton,zendon hamilton
Zoran Dragić,zoran dragić
Zylan Cheatham,zylan cheatham
Zyon Pullin,zyon pullin
Ángel Delgado,ángel delgado
Óscar Torres,óscar torres
Ömer Yurtseven,ömer yurtseven
İbrahim Kutluay,i̇brahim kutluay
Šarūnas Jasikevičius,šarūnas jasikevičius
Žarko Paspalj,žarko paspalj
